<?xml version="1.0" encoding="UTF-8" ?>
<!DOCTYPE mapper PUBLIC "-//mybatis.org//DTD Mapper 3.0//EN" "http://mybatis.org/dtd/mybatis-3-mapper.dtd" >
<mapper namespace="model.mapper.MemberMapper" >
 
 	<resultMap id="EnterpriseResultMap" type="model.vo.Enterprise">
	    <id column="ETP_NUM" jdbcType="VARCHAR" property="etpNum" />
	    <id column="ETP_EMAIL" jdbcType="VARCHAR" property="etpEmail" />
	    <result column="ETP_OWNER" jdbcType="VARCHAR" property="etpOwner" />
	    <result column="ETP_SUPERCLASS" jdbcType="VARCHAR" property="etpSuperclass" />
	    <result column="ETP_ADDRESS" jdbcType="VARCHAR" property="etpAddress" />
	    <result column="ETP_ZIPCODE" jdbcType="VARCHAR" property="etpZipcode" />
	    <result column="ETP_TITLE" jdbcType="VARCHAR" property="etpTitle" />
	    <result column="ETP_START_HOUR" jdbcType="DATE" property="etpStartHour" typeHandler="model.mapper.typehandler.LocalTimeHandler" />
	    <result column="ETP_END_HOUR" jdbcType="DATE" property="etpEndHour" typeHandler="model.mapper.typehandler.LocalTimeHandler" />
	    <result column="ETP_PHONE" jdbcType="VARCHAR" property="etpPhone" />
	    <result column="ETP_MALE_STAFF" jdbcType="DECIMAL" property="etpMaleStaff" />
	    <result column="ETP_FEMALE_STAFF" jdbcType="DECIMAL" property="etpFemaleStaff" />
	    <result column="ETP_CAPACITY" jdbcType="DECIMAL" property="etpCapacity" />
	    <result column="ETP_RSV_DEADLINE" jdbcType="DECIMAL" property="etpRsvDeadline" />
	    <result column="ETP_SELF_NOTIFICATION" jdbcType="DECIMAL" property="etpSelfNotification" />
	    <result column="ETP_CST_NOTIFICATION" jdbcType="DECIMAL" property="etpCstNotification" />
	    <result column="ETP_TEMPLATE_TYPE" jdbcType="DECIMAL" property="etpTemplateType" />
	    <result column="ETP_MAP_ADDRESS" jdbcType="VARCHAR" property="etpMapAddress" />
	    <result column="ETP_DIRECTION" jdbcType="VARCHAR" property="etpDirection" />
	    <result column="ETP_SVC_OFFERED" jdbcType="VARCHAR" property="etpSvcOffered" />
	    <result column="ETP_SUBCLASS" jdbcType="VARCHAR" property="etpSubclass" />
	    <result column="ETP_SPECIALIZE" jdbcType="VARCHAR" property="etpSpecialize" />
	    <result column="ETP_DESCRIPTION" jdbcType="VARCHAR" property="etpDescription" />
	    <result column="ETP_STATUS" jdbcType="DECIMAL" property="etpStatus" />
	  	
	  	<association property="workingDays" javaType="WorkingDays" column="etp_num" resultMap="WorkingDaysResultMap" />
	  	<association property="holiday" javaType="Holiday" column="etp_num" resultMap="HolidayResultMap" />
	  	<association property="photoLocation" javaType="PhotoLocation" column="etp_num" resultMap="PhotoLocationResultMap"/>
	  	
	  	<collection property="reviews" ofType="Review" resultMap="ReviewResultMap"/>
	  	<collection property="notifications" ofType="Notification" resultMap="NotificationResultMap"/>
	  	<collection property="reservations" ofType="Reservation" resultMap="ReservationResultMap" />
	  	<collection property="services" ofType="Service" resultMap="ServiceResultMap" />
	  	<collection property="coupons" ofType="Coupon" resultMap="CouponResultMap" />
	  	<collection property="saleRecords" ofType="SaleRecord" resultMap="SaleRecordResultMap" />
	</resultMap>
	
 <!-- Component 없음!!! -->
 
 <!-- Customer ResultMap -->
	<resultMap id="CustomerResultMap" type="model.vo.Customer" >
	    <id column="CST_EMAIL" property="cstEmail" jdbcType="VARCHAR" />
	    <result column="CST_ADDRESS" property="cstAddress" jdbcType="VARCHAR" />
	    <result column="CST_ZIPCODE" property="cstZipcode" jdbcType="VARCHAR" />
	    <result column="CST_BIRTHDAY" property="cstBirthday" jdbcType="DATE" typeHandler="model.mapper.typehandler.LocalDateHandler" />
	    <result column="CST_GENDER" property="cstGender" jdbcType="VARCHAR" />
	    <result column="CST_ONECLICK" property="cstOneclick" jdbcType="DECIMAL" />
	</resultMap>
  
  <!-- Coupon ResultMap -->
  <resultMap id="CouponResultMap" type="model.vo.Coupon" >
    <id column="CPN_NUM" property="cpnNum" jdbcType="DECIMAL" />
    <result column="ETP_NUM" property="etpNum" jdbcType="VARCHAR" />
    <result column="ETP_EMAIL" property="etpEmail" jdbcType="VARCHAR" />
    <result column="CPN_TITLE" property="cpnTitle" jdbcType="VARCHAR" />
    <result column="CPN_CODE" property="cpnCode" jdbcType="VARCHAR" />
    <result column="CPN_RATE" property="cpnRate" jdbcType="DECIMAL" />
    <result column="CPN_START_DATE" property="cpnStartDate" jdbcType="DATE" typeHandler="model.mapper.typehandler.LocalDateTimeHandler" />
    <result column="CPN_END_DATE" property="cpnEndDate" jdbcType="DATE" typeHandler="model.mapper.typehandler.LocalDateTimeHandler" />
  </resultMap>
  
  <!-- Holiday ResultMap -->
  <resultMap id="HolidayResultMap" type="model.vo.Holiday" >
    <id column="HOL_NUM" property="holNum" jdbcType="DECIMAL" />
    <result column="ETP_NUM" property="etpNum" jdbcType="VARCHAR" />
    <result column="ETP_EMAIL" property="etpEmail" jdbcType="VARCHAR" />
    <result column="HOL_DATE" property="holDate" jdbcType="DATE" typeHandler="model.mapper.typehandler.LocalDateTimeHandler" />
  </resultMap>
  
  <!--  Photo Location ResultMap -->
   <resultMap id="PhotoLocationResultMap" type="model.vo.PhotoLocation" >
    <id column="PHOTO_NUM" property="photoNum" jdbcType="DECIMAL" />
    <result column="ETP_NUM" property="etpNum" jdbcType="VARCHAR" />
    <result column="ETP_EMAIL" property="etpEmail" jdbcType="VARCHAR" />
    <result column="PHT_USAGE" property="phtUsage" jdbcType="VARCHAR" />
    <result column="PHT_DESCRIPTION" property="phtDescription" jdbcType="VARCHAR" />
    <result column="PHT_ADDRESS" property="phtAddress" jdbcType="VARCHAR" />
    <result column="PHT_UPLOAD_DATE" property="phtUploadDate" jdbcType="DATE" typeHandler="model.mapper.typehandler.LocalDateTimeHandler" />
  </resultMap>
  
  <!-- Reservation ResultMap -->
   <resultMap id="ReservationResultMap" type="model.vo.Reservation" >
    <id column="RSV_NUM" property="rsvNum" jdbcType="DECIMAL" />
    <result column="SVC_NUM" property="svcNum" jdbcType="DECIMAL" />
    <result column="CPN_NUM" property="cpnNum" jdbcType="DECIMAL" />
    <result column="ETP_NUM" property="etpNum" jdbcType="VARCHAR" />
    <result column="ETP_EMAIL" property="etpEmail" jdbcType="VARCHAR" />
    <result column="CST_EMAIL" property="cstEmail" jdbcType="VARCHAR" />
    <result column="RSV_START_DATE" property="rsvStartDate" jdbcType="DATE" typeHandler="model.mapper.typehandler.LocalDateTimeHandler" />
    <result column="RSV_END_DATE" property="rsvEndDate" jdbcType="DATE" typeHandler="model.mapper.typehandler.LocalDateTimeHandler" />
    <result column="RSV_STATUS" property="rsvStatus" jdbcType="DECIMAL" />
    <result column="RSV_GENDER" property="employeeGender" jdbcType="VARCHAR" />
    <result column="RSV_TITLE" property="rsvTitle" jdbcType="VARCHAR" />
  </resultMap>
  
    <!-- Review ResultMap -->
   <resultMap id="ReviewResultMap" type="model.vo.Review" >
    <id column="RVW_NUM" property="rvwNum" jdbcType="DECIMAL" />
    <result column="CST_EMAIL" property="cstEmail" jdbcType="VARCHAR" />
    <result column="ETP_NUM" property="etpNum" jdbcType="VARCHAR" />
    <result column="ETP_EMAIL" property="etpEmail" jdbcType="VARCHAR" />
    <result column="RVW_INPUT_DATE" property="rvwInputDate" jdbcType="DATE" typeHandler="model.mapper.typehandler.LocalDateTimeHandler" />
    <result column="CST_IP_ADDRESS" property="cstIpAddress" jdbcType="VARCHAR" />
    <result column="RVW_CONTENT" property="rvwContent" jdbcType="VARCHAR" />
    <result column="CST_JOB" property="cstJob" jdbcType="VARCHAR" />
    <result column="RVW_HYGIENE" property="rvwHygiene" jdbcType="DECIMAL" />
    <result column="RVW_COMFORT" property="rvwComfort" jdbcType="DECIMAL" />
    <result column="RVW_TECHNIQUE" property="rvwTechnique" jdbcType="DECIMAL" />
    <result column="RVW_PRICE" property="rvwPrice" jdbcType="DECIMAL" />
    <result column="RVW_SERVICE" property="rvwService" jdbcType="DECIMAL" />
  </resultMap>
  
  <!--  NotificationResultMap -->
   <resultMap id="NotificationResultMap" type="model.vo.Notification" >
    <id column="NTF_NUM" property="ntfNum" jdbcType="DECIMAL" />
    <result column="RSV_NUM" property="rsvNum" jdbcType="DECIMAL" />
    <result column="CST_EMAIL" property="cstEmail" jdbcType="VARCHAR" />
    <result column="ETP_NUM" property="etpNum" jdbcType="VARCHAR" />
    <result column="ETP_EMAIL" property="etpEmail" jdbcType="VARCHAR" />
    <result column="NTF_MESSAGE" property="ntfMessage" jdbcType="VARCHAR" />
    <result column="NTF_TIME" property="ntfTime" jdbcType="DATE" typeHandler="model.mapper.typehandler.LocalDateTimeHandler" />
    <result column="NTF_READ" property="ntfRead" jdbcType="DECIMAL" />
  </resultMap>
  
  <!--  Sale Record ResultMap -->
	  <resultMap id="SaleRecordResultMap" type="model.vo.SaleRecord" >
    <id column="SALE_NUM" property="saleNum" jdbcType="DECIMAL" />
    <result column="PMT_NUM" property="pmtNum" jdbcType="DECIMAL" />
    <result column="ETP_NUM" property="etpNum" jdbcType="VARCHAR" />
    <result column="ETP_EMAIL" property="etpEmail" jdbcType="VARCHAR" />
    <result column="SALE_TIME" property="saleTime" jdbcType="DATE" typeHandler="model.mapper.typehandler.LocalDateTimeHandler" />
    <result column="SALE_AMOUNT" property="saleAmount" jdbcType="DECIMAL" />
  </resultMap>
  
  <!-- Service Record ResultMap -->
  <resultMap id="ServiceResultMap" type="model.vo.Service" >
    <id column="SVC_NUM" property="svcNum" jdbcType="DECIMAL" />
    <result column="ETP_NUM" property="etpNum" jdbcType="VARCHAR" />
    <result column="ETP_EMAIL" property="etpEmail" jdbcType="VARCHAR" />
    <result column="SVC_TITLE" property="svcTitle" jdbcType="VARCHAR" />
    <result column="SVC_CODE" property="svcCode" jdbcType="VARCHAR" />
    <result column="SVC_COST" property="svcCost" jdbcType="DECIMAL" />
    <result column="SVC_TIME" property="svcTime" jdbcType="VARCHAR" />
    <result column="SVC_DESCRIPTION" property="svcDescription" jdbcType="VARCHAR" />
    <result column="SVC_CATEGORY" property="svcCategory" jdbcType="VARCHAR" />
    <result column="SVC_SPECIALIZE" property="svcSpecialize" jdbcType="VARCHAR" />
    <result column="SVC_COUNT" property="svcCount" jdbcType="DECIMAL" />
  </resultMap>
  
    <resultMap id="WorkingDaysResultMap" type="model.vo.WorkingDays" >
    <id column="ETP_NUM" property="etpNum" jdbcType="VARCHAR" />
    <id column="ETP_EMAIL" property="etpEmail" jdbcType="VARCHAR" />
    <result column="MON" property="mon" jdbcType="DECIMAL" />
    <result column="TUE" property="tue" jdbcType="DECIMAL" />
    <result column="WED" property="wed" jdbcType="DECIMAL" />
    <result column="THU" property="thu" jdbcType="DECIMAL" />
    <result column="FRI" property="fri" jdbcType="DECIMAL" />
    <result column="SAT" property="sat" jdbcType="DECIMAL" />
    <result column="SUN" property="sun" jdbcType="DECIMAL" />
  </resultMap>
  
  
	<!-- Member + Enterprise ResultMap -->
	<resultMap id="MemberEnterpriseTotalMap" type="model.vo.Member" >
		<id column="MEM_EMAIL" property="memEmail" jdbcType="VARCHAR" />
	  	<result column="MEM_CODE" property="memCode" jdbcType="DECIMAL" />
	  	<result column="MEM_NAME" property="memName" jdbcType="VARCHAR" />
	  	<result column="MEM_PASSWORD" property="memPassword" jdbcType="VARCHAR" />
	  	<result column="MEM_PHONE" property="memPhone" jdbcType="VARCHAR" />
	  	<result column="MEM_JOINED_DATE" property="memJoinedDate" jdbcType="DATE" typeHandler="model.mapper.typehandler.LocalDateHandler" />
	  
	  	<association property="enterprise" javaType="Enterprise" resultMap="EnterpriseResultMap" />
	</resultMap>
 
 	
 	<!-- Member + Customer ResultMap -->
 	<resultMap id="MemberCustomerTotalMap" type="model.vo.Member" >
		<id column="MEM_EMAIL" property="memEmail" jdbcType="VARCHAR" />
	  	<result column="MEM_CODE" property="memCode" jdbcType="DECIMAL" />
	  	<result column="MEM_NAME" property="memName" jdbcType="VARCHAR" />
	  	<result column="MEM_PASSWORD" property="memPassword" jdbcType="VARCHAR" />
	  	<result column="MEM_PHONE" property="memPhone" jdbcType="VARCHAR" />
	  	<result column="MEM_JOINED_DATE" property="memJoinedDate" jdbcType="DATE" typeHandler="model.mapper.typehandler.LocalDateHandler" />
	  
	  	<association property="customer" javaType="Customer" resultMap="CustomerResultMap" />
	</resultMap>
  
 	<!--  Member Only ResultMap -->
	<resultMap id="MemberResultMap" type="model.vo.Member" >
		<id column="MEM_EMAIL" property="memEmail" jdbcType="VARCHAR" />
	  	<result column="MEM_CODE" property="memCode" jdbcType="DECIMAL" />
	  	<result column="MEM_NAME" property="memName" jdbcType="VARCHAR" />
	  	<result column="MEM_PASSWORD" property="memPassword" jdbcType="VARCHAR" />
	  	<result column="MEM_PHONE" property="memPhone" jdbcType="VARCHAR" />
	  	<result column="MEM_JOINED_DATE" property="memJoinedDate" jdbcType="DATE" typeHandler="model.mapper.typehandler.LocalDateHandler" />
	</resultMap>
	
  <resultMap id="MemberCodeResultMap" type="model.vo.MemberCode" >
    <id column="MEM_CODE" property="memCode" jdbcType="DECIMAL" />
    <result column="MEM_TYPE" property="memType" jdbcType="VARCHAR" />
  </resultMap>
  
  <sql id="Example_Where_Clause" >
    <where >
      <foreach collection="oredCriteria" item="criteria" separator="or" >
        <if test="criteria.valid" >
          <trim prefix="(" suffix=")" prefixOverrides="and" >
            <foreach collection="criteria.criteria" item="criterion" >
              <choose >
                <when test="criterion.noValue" >
                  and ${criterion.condition}
                </when>
                <when test="criterion.singleValue" >
                  and ${criterion.condition} #{criterion.value}
                </when>
                <when test="criterion.betweenValue" >
                  and ${criterion.condition} #{criterion.value} and #{criterion.secondValue}
                </when>
                <when test="criterion.listValue" >
                  and ${criterion.condition}
                  <foreach collection="criterion.value" item="listItem" open="(" close=")" separator="," >
                    #{listItem}
                  </foreach>
                </when>
              </choose>
            </foreach>
            <foreach collection="criteria.memJoinedDateCriteria" item="criterion" >
              <choose >
                <when test="criterion.noValue" >
                  and ${criterion.condition}
                </when>
                <when test="criterion.singleValue" >
                  and ${criterion.condition} #{criterion.value,typeHandler=model.mapper.typehandler.LocalDateHandler}
                </when>
                <when test="criterion.betweenValue" >
                  and ${criterion.condition} #{criterion.value,typeHandler=model.mapper.typehandler.LocalDateHandler} and #{criterion.secondValue,typeHandler=model.mapper.typehandler.LocalDateHandler}
                </when>
                <when test="criterion.listValue" >
                  and ${criterion.condition}
                  <foreach collection="criterion.value" item="listItem" open="(" close=")" separator="," >
                    #{listItem,typeHandler=model.mapper.typehandler.LocalDateHandler}
                  </foreach>
                </when>
              </choose>
            </foreach>
          </trim>
        </if>
      </foreach>
    </where>
  </sql>
  <sql id="Update_By_Example_Where_Clause" >
    <where >
      <foreach collection="example.oredCriteria" item="criteria" separator="or" >
        <if test="criteria.valid" >
          <trim prefix="(" suffix=")" prefixOverrides="and" >
            <foreach collection="criteria.criteria" item="criterion" >
              <choose >
                <when test="criterion.noValue" >
                  and ${criterion.condition}
                </when>
                <when test="criterion.singleValue" >
                  and ${criterion.condition} #{criterion.value}
                </when>
                <when test="criterion.betweenValue" >
                  and ${criterion.condition} #{criterion.value} and #{criterion.secondValue}
                </when>
                <when test="criterion.listValue" >
                  and ${criterion.condition}
                  <foreach collection="criterion.value" item="listItem" open="(" close=")" separator="," >
                    #{listItem}
                  </foreach>
                </when>
              </choose>
            </foreach>
            <foreach collection="criteria.memJoinedDateCriteria" item="criterion" >
              <choose >
                <when test="criterion.noValue" >
                  and ${criterion.condition}
                </when>
                <when test="criterion.singleValue" >
                  and ${criterion.condition} #{criterion.value,typeHandler=model.mapper.typehandler.LocalDateHandler}
                </when>
                <when test="criterion.betweenValue" >
                  and ${criterion.condition} #{criterion.value,typeHandler=model.mapper.typehandler.LocalDateHandler} and #{criterion.secondValue,typeHandler=model.mapper.typehandler.LocalDateHandler}
                </when>
                <when test="criterion.listValue" >
                  and ${criterion.condition}
                  <foreach collection="criterion.value" item="listItem" open="(" close=")" separator="," >
                    #{listItem,typeHandler=model.mapper.typehandler.LocalDateHandler}
                  </foreach>
                </when>
              </choose>
            </foreach>
          </trim>
        </if>
      </foreach>
    </where>
  </sql>
  <sql id="Base_Column_List" >
    MEM_EMAIL, MEM_CODE, MEM_NAME, MEM_PASSWORD, MEM_PHONE, MEM_JOINED_DATE
  </sql>
  <select id="selectByExample" resultMap="MemberResultMap" parameterType="model.vo.MemberExample" >
    select
    <if test="distinct" >
      distinct
    </if>
    <include refid="Base_Column_List" />
    from HR.MEMBER
    <if test="_parameter != null" >
      <include refid="Example_Where_Clause" />
    </if>
    <if test="orderByClause != null" >
      order by ${orderByClause}
    </if>
  </select>
  <select id="selectByPrimaryKey" resultMap="MemberResultMap" parameterType="java.lang.String" >
    select 
    <include refid="Base_Column_List" />
    from HR.MEMBER
    where MEM_EMAIL = #{memEmail,jdbcType=VARCHAR}
  </select>
  <delete id="deleteByPrimaryKey" parameterType="java.lang.String" >
    delete from HR.MEMBER
    where MEM_EMAIL = #{memEmail,jdbcType=VARCHAR}
  </delete>
  <delete id="deleteByExample" parameterType="model.vo.MemberExample" >
    delete from HR.MEMBER
    <if test="_parameter != null" >
      <include refid="Example_Where_Clause" />
    </if>
  </delete>
  <insert id="insert" parameterType="model.vo.Member" >
    insert into HR.MEMBER (MEM_EMAIL, MEM_CODE, MEM_NAME, 
      MEM_PASSWORD, MEM_PHONE, MEM_JOINED_DATE
      )
    values (#{memEmail,jdbcType=VARCHAR}, #{memCode,jdbcType=DECIMAL}, #{memName,jdbcType=VARCHAR}, 
      #{memPassword,jdbcType=VARCHAR}, #{memPhone,jdbcType=VARCHAR}, #{memJoinedDate,jdbcType=DATE,typeHandler=model.mapper.typehandler.LocalDateHandler}
      )
  </insert>
  <insert id="insertSelective" parameterType="model.vo.Member" >
    insert into HR.MEMBER
    <trim prefix="(" suffix=")" suffixOverrides="," >
      <if test="memEmail != null" >
        MEM_EMAIL,
      </if>
      <if test="memCode != null" >
        MEM_CODE,
      </if>
      <if test="memName != null" >
        MEM_NAME,
      </if>
      <if test="memPassword != null" >
        MEM_PASSWORD,
      </if>
      <if test="memPhone != null" >
        MEM_PHONE,
      </if>
      <if test="memJoinedDate != null" >
        MEM_JOINED_DATE,
      </if>
    </trim>
    <trim prefix="values (" suffix=")" suffixOverrides="," >
      <if test="memEmail != null" >
        #{memEmail,jdbcType=VARCHAR},
      </if>
      <if test="memCode != null" >
        #{memCode,jdbcType=DECIMAL},
      </if>
      <if test="memName != null" >
        #{memName,jdbcType=VARCHAR},
      </if>
      <if test="memPassword != null" >
        #{memPassword,jdbcType=VARCHAR},
      </if>
      <if test="memPhone != null" >
        #{memPhone,jdbcType=VARCHAR},
      </if>
      <if test="memJoinedDate != null" >
        #{memJoinedDate,jdbcType=DATE,typeHandler=model.mapper.typehandler.LocalDateHandler},
      </if>
    </trim>
  </insert>
  <select id="countByExample" parameterType="model.vo.MemberExample" resultType="java.lang.Integer" >
    select count(*) from HR.MEMBER
    <if test="_parameter != null" >
      <include refid="Example_Where_Clause" />
    </if>
  </select>
  <update id="updateByExampleSelective" parameterType="map" >
    update HR.MEMBER
    <set >
      <if test="record.memEmail != null" >
        MEM_EMAIL = #{record.memEmail,jdbcType=VARCHAR},
      </if>
      <if test="record.memCode != null" >
        MEM_CODE = #{record.memCode,jdbcType=DECIMAL},
      </if>
      <if test="record.memName != null" >
        MEM_NAME = #{record.memName,jdbcType=VARCHAR},
      </if>
      <if test="record.memPassword != null" >
        MEM_PASSWORD = #{record.memPassword,jdbcType=VARCHAR},
      </if>
      <if test="record.memPhone != null" >
        MEM_PHONE = #{record.memPhone,jdbcType=VARCHAR},
      </if>
      <if test="record.memJoinedDate != null" >
        MEM_JOINED_DATE = #{record.memJoinedDate,jdbcType=DATE,typeHandler=model.mapper.typehandler.LocalDateHandler},
      </if>
    </set>
    <if test="_parameter != null" >
      <include refid="Update_By_Example_Where_Clause" />
    </if>
  </update>
  <update id="updateByExample" parameterType="map" >
    update HR.MEMBER
    set MEM_EMAIL = #{record.memEmail,jdbcType=VARCHAR},
      MEM_CODE = #{record.memCode,jdbcType=DECIMAL},
      MEM_NAME = #{record.memName,jdbcType=VARCHAR},
      MEM_PASSWORD = #{record.memPassword,jdbcType=VARCHAR},
      MEM_PHONE = #{record.memPhone,jdbcType=VARCHAR},
      MEM_JOINED_DATE = #{record.memJoinedDate,jdbcType=DATE,typeHandler=model.mapper.typehandler.LocalDateHandler}
    <if test="_parameter != null" >
      <include refid="Update_By_Example_Where_Clause" />
    </if>
  </update>
  <update id="updateByPrimaryKeySelective" parameterType="model.vo.Member" >
    update HR.MEMBER
    <set >
      <if test="memCode != null" >
        MEM_CODE = #{memCode,jdbcType=DECIMAL},
      </if>
      <if test="memName != null" >
        MEM_NAME = #{memName,jdbcType=VARCHAR},
      </if>
      <if test="memPassword != null" >
        MEM_PASSWORD = #{memPassword,jdbcType=VARCHAR},
      </if>
      <if test="memPhone != null" >
        MEM_PHONE = #{memPhone,jdbcType=VARCHAR},
      </if>
      <if test="memJoinedDate != null" >
        MEM_JOINED_DATE = #{memJoinedDate,jdbcType=DATE,typeHandler=model.mapper.typehandler.LocalDateHandler},
      </if>
    </set>
    where MEM_EMAIL = #{memEmail,jdbcType=VARCHAR}
  </update>
  <update id="updateByPrimaryKey" parameterType="model.vo.Member" >
    update HR.MEMBER
    set MEM_CODE = #{memCode,jdbcType=DECIMAL},
      MEM_NAME = #{memName,jdbcType=VARCHAR},
      MEM_PASSWORD = #{memPassword,jdbcType=VARCHAR},
      MEM_PHONE = #{memPhone,jdbcType=VARCHAR},
      MEM_JOINED_DATE = #{memJoinedDate,jdbcType=DATE,typeHandler=model.mapper.typehandler.LocalDateHandler}
    where MEM_EMAIL = #{memEmail,jdbcType=VARCHAR}
  </update>
  <cache />
  <select resultMap="MemberResultMap" parameterType="model.vo.MemberExample" id="selectByExampleWithRowbounds" >
    select
    <if test="distinct" >
      distinct
    </if>
    <include refid="Base_Column_List" />
    from HR.MEMBER
    <if test="_parameter != null" >
      <include refid="Example_Where_Clause" />
    </if>
    <if test="orderByClause != null" >
      order by ${orderByClause}
    </if>
  </select>
  
  <select id="loginResult" resultMap="MemberResultMap" parameterType="hashmap" >
    select * from MEMBER where MEM_EMAIL = #{loginEmail} and MEM_PASSWORD = #{loginPassword}
  </select>
  
  <select id="retrieveEmail" resultType="string" parameterType="string">
  	select mem_email from MEMBER where mem_email = #{value}
  </select>
  
   <select id="retrieveEtpNum" resultType="string" parameterType="string">
  	select etp_num from ENTERPRISE where etp_num = #{value}
  </select>
    
  <select id="searchZipcode" parameterType="string" resultType="Zipcode">
	select * from zipcode where area3 like '%'||#{area3}||'%'
  </select>  
  
  <insert id="insertEnterpriseInfoFirstStep" parameterType="Enterprise">
    insert into ENTERPRISE (ETP_NUM, ETP_EMAIL, ETP_OWNER, ETP_ADDRESS, ETP_ZIPCODE, ETP_TITLE, ETP_PHONE, ETP_STATUS)
    values (#{etpNum}, #{etpEmail}, #{etpOwner}, #{etpAddress}, #{etpZipcode}, #{etpTitle}, #{etpPhone}, #{etpStatus})
  </insert>
  
  <delete id="deleteMemberInfo" parameterType="String">
  	delete from MEMBER where MEM_EMAIL = #{value}
  </delete>
  
  <delete id="deleteEnterpriseInfoFirstStep" parameterType="String">
  	delete from ENTERPRISE where ETP_EMAIL = #{value}
  </delete>
  
   <select id="selectByPrimaryNumber" resultMap="MemberEnterpriseTotalMap" parameterType="String" >
    select m.*, e.*, p.* from MEMBER m, ENTERPRISE e, PHOTO_LOCATION p where e.etp_num = #{value} and m.mem_email = e.etp_email and e.etp_email = p.etp_email
  </select>
  
	<update id="updateWorkingDays" parameterType="Member">
		update WORKING_DAYS set mon = #{enterprise.workingDays.mon}, tue = #{enterprise.workingDays.tue}, wed = #{enterprise.workingDays.wed}, 
		thu = #{enterprise.workingDays.thu}, fri = #{enterprise.workingDays.fri}, sat = #{enterprise.workingDays.sat}, sun = #{enterprise.workingDays.sun} 
		where etp_num = #{enterprise.etpNum}
	</update>
	
	<insert id="insertWorkingDays" parameterType="Member">
		insert into WORKING_DAYS values(#{enterprise.etpNum}, #{enterprise.etpEmail}, #{enterprise.workingDays.mon}, #{enterprise.workingDays.tue}, #{enterprise.workingDays.wed}, #{enterprise.workingDays.thu}, #{enterprise.workingDays.fri}, #{enterprise.workingDays.sat}, #{enterprise.workingDays.sun})
	</insert>
	
	<update id="updateEtpDetailsFirst" parameterType="Member">
		update ENTERPRISE set etp_superclass = #{enterprise.etpSuperclass}, etp_male_staff = #{enterprise.etpMaleStaff}, etp_female_staff = #{enterprise.etpFemaleStaff},
		etp_capacity = #{enterprise.etpCapacity}, etp_subclass = #{enterprise.etpSubclass}, etp_specialize = #{enterprise.etpSpecialize}, etp_start_hour = #{enterprise.etpStartHour},
		etp_end_hour = #{enterprise.etpEndHour} where etp_num = #{enterprise.etpNum}
	</update>	
	
	<update id="finalizeRegistration" parameterType="Member">
		update ENTERPRISE set etp_rsv_deadline = #{enterprise.etpRsvDeadline}, etp_self_notification = #{enterprise.etpSelfNotification}, etp_cst_notification = #{enterprise.etpCstNotification}
		where etp_num = #{enterprise.etpNum} 
	</update>

	<select id="retrieveCustomerInfo" parameterType="String" resultMap="MemberCustomerTotalMap">
		select m.*, c.* from MEMBER m, CUSTOMER c where m.mem_email = c.cst_email and c.cst_email =#{value}
	</select>
	
	<select id="retrieveCustomerInfoPerReservation" parameterType="map" resultMap="MemberCustomerTotalMap">
		select m.*, c.* from MEMBER m, CUSTOMER c, RESERVATION r where m.mem_email = c.cst_email and c.cst_email =#{cstEmail} and c.cst_email = r.cst_email and r.rsv_num = #{rsvNum}
	</select>

	
	<!-- 이용자 회원가입 -->
	<insert id="insertCustomerInfo" parameterType="Customer">
		insert into Customer values(#{cstEmail}, #{cstAddress},#{cstZipcode},#{cstBirthday},#{cstGender},#{cstOneclick})
	</insert>	
	
	<insert id="insertMemberInfo" parameterType="Member">
		insert into MEMBER(mem_email,mem_code,mem_name,mem_password,mem_phone,mem_joined_date) values(#{memEmail},#{memCode},#{memName},#{memPassword},#{memPhone},sysdate)
	</insert>
</mapper>