<?xml version="1.0" encoding="UTF-8"?>
<!DOCTYPE struts PUBLIC "-//Apache Software Foundation//DTD Struts Configuration 2.3//EN" "http://struts.apache.org/dtds/struts-2.3.dtd">

<struts>
	<package name="enterprise" namespace="/enterprise" extends="default">
		<action name="retrieveReservations" class="controller.action.EnterpriseAction" method="retrieveReservations">
			<result type="json" />
		</action>
		
		<action name="insertReservation" class="controller.action.EnterpriseAction" method="insertReservation">
			<result type="json" />
		</action>
		
		<action name="changeReservationTime" class="controller.action.EnterpriseAction" method="changeReservationTime">
			<result type="json">
				<param name="root">test</param>
				<param name="defaultEncoding">UTF-8</param>
			</result>			
		</action>

		<action name="deleteReservation" class="controller.action.EnterpriseAction" method="deleteReservation">
			<result type="json"/>
		</action>

		<action name="selectServiceList" class="controller.action.EnterpriseAction" method="selectServiceList">
			<result type="json" />
		</action>
		
		<!-- 달력 정보 관련  -->
		
		<action name="retrieveEnterpriseInfoForCalendar" class="controller.action.EnterpriseAction" method="retrieveEnterpriseInfoForCalendar">
			<result type="json" />
		</action>
		
		<action name="toCalendarPage" class="controller.action.EnterpriseAction" method="toCalendarPage">
			<result>/jsp/calendar/Calendar.jsp</result>
		</action>
		
		<action name="updateReservationDetailsByEnterprise" class="controller.action.EnterpriseAction" method="updateReservationDetailsByEnterprise">
			<result type="json">
				<param name="defaultEncoding">UTF-8</param>
			</result>
		</action>

		
		
		<!--     미승인 사업자 승인 게시판 Action     -->

		<action name="takeEtp" class="controller.action.EnterpriseAction" method="takeEtp">
			<result name="dynamic">/jsp/component/DynamicTemplate.jsp</result>
			<result name="static1">/jsp/component/StaticTemplate_tabs.jsp</result><!-- static_tab -->
			<result name="static2">/jsp/component/StaticTemplate_allInOne</result><!-- static_allInOne -->
		</action>

		
		<action name="selectEtpList" class="controller.action.EnterpriseAction" method="selectEtpList">
			<result>/jsp/EnterpriseListShowToCustomer.jsp</result>
		</action>
		
		
		
		<!--     미승인 사업자 승인 게시판 Action     -->
		<!-- 미승인 사업 목록 -->
		<action name="AllNoRegisterEtpList" class="controller.action.EnterpriseAction" method="allNoRegisterEtpList">
			<result>/jsp/member/NoRegisterEtpList.jsp</result>
		</action>
		
		<!-- 미승인 사업 정보(ONE) -->
		<action name="NoRegisterEtp" class="controller.action.EnterpriseAction" method="noRegisterEtp">
			<result name="success">/jsp/member/NoRegisterEtpConfirm.jsp</result>
		</action>	
		
		<!-- 미승인 사업 승인-->
		<action name="Confirm" class="controller.action.EnterpriseAction" method="confirm">
			<result type="chain">
				<param name="actionName">AllNoRegisterEtpList</param>
				<param name="namespace">/enterprise</param>
			</result>
		</action>
		
		<!-- 미승인 사업 승인거부 -->
		<action name="Reject" class="controller.action.EnterpriseAction" method="reject">
			<result type="chain">
				<param name="actionName">AllNoRegisterEtpList</param>
				<param name="namespace">/enterprise</param>
			</result>
		</action>
		
				
		<!--     Component Action     -->
		
		<action name="insertComponent" class="controller.action.EnterpriseAction" method="insertComponent">
			<result type="json"/>
		</action>
		
		<action name="receiveComponentList" class="controller.action.EnterpriseAction" method="receiveComponentList">
			<result type="json"/>
		</action>

		
		<!-- 지도 -->
		<action name="showMap" class="controller.action.EnterpriseAction" method="showMap">
			<result name="success">
				/jsp/component/LocationComponent.jsp
			</result>
		</action>
		
	</package>
</struts>