<?xml version="1.0" encoding="UTF-8"?>
<!DOCTYPE struts PUBLIC "-//Apache Software Foundation//DTD Struts Configuration 2.3//EN" "http://struts.apache.org/dtds/struts-2.3.dtd">

<struts>
	<package name="search" namespace="/search" extends="default">
		<action name="toAreaCategoryPage">
			<result>/jsp/search/AreaCategory.jsp</result>
		</action>
		
		<action name="toBusinessSectorCategoryPage">
			<result>/jsp/search/BusinessSectorCategory.jsp</result>
		</action>
		
		<action name="toFeatureCategoryPage">
			<result>/jsp/SearchCategory.jsp</result>
		</action>
		
		<action name="toMoodCategoryPage">
			<result>/jsp/search/MoodCategory.jsp</result>
		</action>
		
		<!-- 고객 자유 검색 -->
		<action name="searchFreeKeyword" class="controller.action.SearchAction" method="takeEnterpriseList">
			<result name="success">/jsp/search/SearchResult.jsp</result>
			<result name="error" type="redirect">toErrorPage.action</result>
		</action>
		
		<!-- 고객 카테고리 검색 -->
		<action name="categorySearch" class="controller.action.SearchAction" method="categorySearch">
			<result name="success">/jsp/search/FeatureCategory.jsp</result>
			<result name="error" type="redirect">toErrorPage.action</result>
		</action>
	</package>

</struts>