<?xml version="1.0" encoding="UTF-8" ?>
<!DOCTYPE mapper PUBLIC "-//mybatis.org//DTD Mapper 3.0//EN" "http://mybatis.org/dtd/mybatis-3-mapper.dtd" >
<mapper namespace="model.mapper.CustomerMapper" >
  <resultMap id="OneclickPaymentResultMap" type="model.vo.OneclickPayment" >
    <id column="CARD_NUM" property="cardNum" jdbcType="DECIMAL" />
    <result column="CST_EMAIL" property="cstEmail" jdbcType="VARCHAR" />
    <result column="CARD_TITLE" property="cardTitle" jdbcType="VARCHAR" />
    <result column="CARD_DIGIT" property="cardDigit" jdbcType="VARCHAR" />
    <result column="CARD_CVC" property="cardCvc" jdbcType="VARCHAR" />
    <result column="CARD_EXPIRE" property="cardExpire" jdbcType="VARCHAR" />
  </resultMap>
  
  <resultMap id="PaymentRecordResultMap" type="model.vo.PaymentRecord" >
    <id column="PMT_NUM" property="pmtNum" jdbcType="DECIMAL" />
    <result column="RSV_NUM" property="rsvNum" jdbcType="DECIMAL" />
    <result column="PMT_TIME" property="pmtTime" jdbcType="DATE" typeHandler="model.mapper.typehandler.LocalDateTimeHandler" />
    <result column="PMT_AMOUNT" property="pmtAmount" jdbcType="DECIMAL" />
  </resultMap>
  
    <!-- Reservation ResultMap -->
   <resultMap id="ReservationResultMapForCustomer" type="model.vo.Reservation" >
    <id column="RSV_NUM" property="rsvNum" jdbcType="DECIMAL" />
    <result column="SVC_NUM" property="svcNum" jdbcType="DECIMAL" />
    <result column="CPN_NUM" property="cpnNum" jdbcType="DECIMAL" />
    <result column="ETP_NUM" property="etpNum" jdbcType="VARCHAR" />
    <result column="ETP_EMAIL" property="etpEmail" jdbcType="VARCHAR" />
    <result column="CST_EMAIL" property="cstEmail" jdbcType="VARCHAR" />
    <result column="RSV_START_DATE" property="rsvStartDate" jdbcType="DATE" typeHandler="model.mapper.typehandler.LocalDateTimeHandler" />
    <result column="RSV_END_DATE" property="rsvEndDate" jdbcType="DATE" typeHandler="model.mapper.typehandler.LocalDateTimeHandler" />
    <result column="RSV_STATUS" property="rsvStatus" jdbcType="DECIMAL" />
    <result column="RSV_GENDER" property="employeeGender" jdbcType="VARCHAR" />
    <result column="RSV_TITLE" property="rsvTitle" jdbcType="VARCHAR" />
  </resultMap>
  
  <!-- Review ResultMap -->
    <resultMap id="ReviewResultMapForCustomer" type="model.vo.Review" >
    <id column="RVW_NUM" property="rvwNum" jdbcType="DECIMAL" />
    <result column="CST_EMAIL" property="cstEmail" jdbcType="VARCHAR" />
    <result column="ETP_NUM" property="etpNum" jdbcType="VARCHAR" />
    <result column="ETP_EMAIL" property="etpEmail" jdbcType="VARCHAR" />
    <result column="RVW_INPUT_DATE" property="rvwInputDate" jdbcType="DATE" typeHandler="model.mapper.typehandler.LocalDateTimeHandler" />
    <result column="CST_IP_ADDRESS" property="cstIpAddress" jdbcType="VARCHAR" />
    <result column="RVW_CONTENT" property="rvwContent" jdbcType="VARCHAR" />
    <result column="CST_JOB" property="cstJob" jdbcType="VARCHAR" />
    <result column="RVW_HYGIENE" property="rvwHygiene" jdbcType="DECIMAL" />
    <result column="RVW_COMFORT" property="rvwComfort" jdbcType="DECIMAL" />
    <result column="RVW_TECHNIQUE" property="rvwTechnique" jdbcType="DECIMAL" />
    <result column="RVW_PRICE" property="rvwPrice" jdbcType="DECIMAL" />
    <result column="RVW_SERVICE" property="rvwService" jdbcType="DECIMAL" />
  </resultMap>
  
    <!--  NotificationResultMap -->
   <resultMap id="NotificationResultMapForCustomer" type="model.vo.Notification" >
    <id column="NTF_NUM" property="ntfNum" jdbcType="DECIMAL" />
    <result column="RSV_NUM" property="rsvNum" jdbcType="DECIMAL" />
    <result column="CST_EMAIL" property="cstEmail" jdbcType="VARCHAR" />
    <result column="ETP_NUM" property="etpNum" jdbcType="VARCHAR" />
    <result column="ETP_EMAIL" property="etpEmail" jdbcType="VARCHAR" />
    <result column="NTF_MESSAGE" property="ntfMessage" jdbcType="VARCHAR" />
    <result column="NTF_TIME" property="ntfTime" jdbcType="DATE" typeHandler="model.mapper.typehandler.LocalDateTimeHandler" />
    <result column="NTF_READ" property="ntfRead" jdbcType="DECIMAL" />
  </resultMap>
  
    <resultMap id="CustomerResultMap" type="model.vo.Customer" >
    <id column="CST_EMAIL" property="cstEmail" jdbcType="VARCHAR" />
    <result column="CST_ADDRESS" property="cstAddress" jdbcType="VARCHAR" />
    <result column="CST_ZIPCODE" property="cstZipcode" jdbcType="VARCHAR" />
    <result column="CST_BIRTHDAY" property="cstBirthday" jdbcType="DATE" typeHandler="model.mapper.typehandler.LocalDateHandler" />
    <result column="CST_GENDER" property="cstGender" jdbcType="VARCHAR" />
    <result column="CST_ONECLICK" property="cstOneclick" jdbcType="DECIMAL" />
    
    <collection property="oneclickPayments" ofType="OneclickPayment" resultMap="OneclickPaymentResultMap" />
    <collection property="reservations" ofType="Reservation" resultMap="ReservationResultMapForCustomer" />
    <collection property="notifications" ofType="Notification" resultMap="NotificationResultMapForCustomer" />
    <collection property="reviews" ofType="Review" resultMap="ReviewResultMapForCustomer" />
     <collection property="paymentRecords" ofType="PaymentRecord" resultMap="PaymentRecordResultMap" />
  </resultMap>
  
  <sql id="Example_Where_Clause" >
    <where >
      <foreach collection="oredCriteria" item="criteria" separator="or" >
        <if test="criteria.valid" >
          <trim prefix="(" suffix=")" prefixOverrides="and" >
            <foreach collection="criteria.criteria" item="criterion" >
              <choose >
                <when test="criterion.noValue" >
                  and ${criterion.condition}
                </when>
                <when test="criterion.singleValue" >
                  and ${criterion.condition} #{criterion.value}
                </when>
                <when test="criterion.betweenValue" >
                  and ${criterion.condition} #{criterion.value} and #{criterion.secondValue}
                </when>
                <when test="criterion.listValue" >
                  and ${criterion.condition}
                  <foreach collection="criterion.value" item="listItem" open="(" close=")" separator="," >
                    #{listItem}
                  </foreach>
                </when>
              </choose>
            </foreach>
            <foreach collection="criteria.cstBirthdayCriteria" item="criterion" >
              <choose >
                <when test="criterion.noValue" >
                  and ${criterion.condition}
                </when>
                <when test="criterion.singleValue" >
                  and ${criterion.condition} #{criterion.value,typeHandler=model.mapper.typehandler.LocalDateHandler}
                </when>
                <when test="criterion.betweenValue" >
                  and ${criterion.condition} #{criterion.value,typeHandler=model.mapper.typehandler.LocalDateHandler} and #{criterion.secondValue,typeHandler=model.mapper.typehandler.LocalDateHandler}
                </when>
                <when test="criterion.listValue" >
                  and ${criterion.condition}
                  <foreach collection="criterion.value" item="listItem" open="(" close=")" separator="," >
                    #{listItem,typeHandler=model.mapper.typehandler.LocalDateHandler}
                  </foreach>
                </when>
              </choose>
            </foreach>
          </trim>
        </if>
      </foreach>
    </where>
  </sql>
  <sql id="Update_By_Example_Where_Clause" >
    <where >
      <foreach collection="example.oredCriteria" item="criteria" separator="or" >
        <if test="criteria.valid" >
          <trim prefix="(" suffix=")" prefixOverrides="and" >
            <foreach collection="criteria.criteria" item="criterion" >
              <choose >
                <when test="criterion.noValue" >
                  and ${criterion.condition}
                </when>
                <when test="criterion.singleValue" >
                  and ${criterion.condition} #{criterion.value}
                </when>
                <when test="criterion.betweenValue" >
                  and ${criterion.condition} #{criterion.value} and #{criterion.secondValue}
                </when>
                <when test="criterion.listValue" >
                  and ${criterion.condition}
                  <foreach collection="criterion.value" item="listItem" open="(" close=")" separator="," >
                    #{listItem}
                  </foreach>
                </when>
              </choose>
            </foreach>
            <foreach collection="criteria.cstBirthdayCriteria" item="criterion" >
              <choose >
                <when test="criterion.noValue" >
                  and ${criterion.condition}
                </when>
                <when test="criterion.singleValue" >
                  and ${criterion.condition} #{criterion.value,typeHandler=model.mapper.typehandler.LocalDateHandler}
                </when>
                <when test="criterion.betweenValue" >
                  and ${criterion.condition} #{criterion.value,typeHandler=model.mapper.typehandler.LocalDateHandler} and #{criterion.secondValue,typeHandler=model.mapper.typehandler.LocalDateHandler}
                </when>
                <when test="criterion.listValue" >
                  and ${criterion.condition}
                  <foreach collection="criterion.value" item="listItem" open="(" close=")" separator="," >
                    #{listItem,typeHandler=model.mapper.typehandler.LocalDateHandler}
                  </foreach>
                </when>
              </choose>
            </foreach>
          </trim>
        </if>
      </foreach>
    </where>
  </sql>
  <sql id="Base_Column_List" >
    CST_EMAIL, CST_ADDRESS, CST_ZIPCODE, CST_BIRTHDAY, CST_GENDER, CST_ONECLICK
  </sql>
  <select id="selectByExample" resultMap="CustomerResultMap" parameterType="model.vo.CustomerExample" >
    select
    <if test="distinct" >
      distinct
    </if>
    <include refid="Base_Column_List" />
    from HR.CUSTOMER
    <if test="_parameter != null" >
      <include refid="Example_Where_Clause" />
    </if>
    <if test="orderByClause != null" >
      order by ${orderByClause}
    </if>
  </select>
  <select id="selectByPrimaryKey" resultMap="CustomerResultMap" parameterType="java.lang.String" >
    select 
    <include refid="Base_Column_List" />
    from HR.CUSTOMER
    where CST_EMAIL = #{cstEmail,jdbcType=VARCHAR}
  </select>
  <delete id="deleteByPrimaryKey" parameterType="java.lang.String" >
    delete from HR.CUSTOMER
    where CST_EMAIL = #{cstEmail,jdbcType=VARCHAR}
  </delete>
  <delete id="deleteByExample" parameterType="model.vo.CustomerExample" >
    delete from HR.CUSTOMER
    <if test="_parameter != null" >
      <include refid="Example_Where_Clause" />
    </if>
  </delete>
  <insert id="insert" parameterType="model.vo.Customer" >
    insert into HR.CUSTOMER (CST_EMAIL, CST_ADDRESS, CST_ZIPCODE, 
      CST_BIRTHDAY, 
      CST_GENDER, CST_ONECLICK)
    values (#{cstEmail,jdbcType=VARCHAR}, #{cstAddress,jdbcType=VARCHAR}, #{cstZipcode,jdbcType=VARCHAR}, 
      #{cstBirthday,jdbcType=DATE,typeHandler=model.mapper.typehandler.LocalDateHandler}, 
      #{cstGender,jdbcType=VARCHAR}, #{cstOneclick,jdbcType=DECIMAL})
  </insert>
  <insert id="insertSelective" parameterType="model.vo.Customer" >
    insert into HR.CUSTOMER
    <trim prefix="(" suffix=")" suffixOverrides="," >
      <if test="cstEmail != null" >
        CST_EMAIL,
      </if>
      <if test="cstAddress != null" >
        CST_ADDRESS,
      </if>
      <if test="cstZipcode != null" >
        CST_ZIPCODE,
      </if>
      <if test="cstBirthday != null" >
        CST_BIRTHDAY,
      </if>
      <if test="cstGender != null" >
        CST_GENDER,
      </if>
      <if test="cstOneclick != null" >
        CST_ONECLICK,
      </if>
    </trim>
    <trim prefix="values (" suffix=")" suffixOverrides="," >
      <if test="cstEmail != null" >
        #{cstEmail,jdbcType=VARCHAR},
      </if>
      <if test="cstAddress != null" >
        #{cstAddress,jdbcType=VARCHAR},
      </if>
      <if test="cstZipcode != null" >
        #{cstZipcode,jdbcType=VARCHAR},
      </if>
      <if test="cstBirthday != null" >
        #{cstBirthday,jdbcType=DATE,typeHandler=model.mapper.typehandler.LocalDateHandler},
      </if>
      <if test="cstGender != null" >
        #{cstGender,jdbcType=VARCHAR},
      </if>
      <if test="cstOneclick != null" >
        #{cstOneclick,jdbcType=DECIMAL},
      </if>
    </trim>
  </insert>
  <select id="countByExample" parameterType="model.vo.CustomerExample" resultType="java.lang.Integer" >
    select count(*) from HR.CUSTOMER
    <if test="_parameter != null" >
      <include refid="Example_Where_Clause" />
    </if>
  </select>
  <update id="updateByExampleSelective" parameterType="map" >
    update HR.CUSTOMER
    <set >
      <if test="record.cstEmail != null" >
        CST_EMAIL = #{record.cstEmail,jdbcType=VARCHAR},
      </if>
      <if test="record.cstAddress != null" >
        CST_ADDRESS = #{record.cstAddress,jdbcType=VARCHAR},
      </if>
      <if test="record.cstZipcode != null" >
        CST_ZIPCODE = #{record.cstZipcode,jdbcType=VARCHAR},
      </if>
      <if test="record.cstBirthday != null" >
        CST_BIRTHDAY = #{record.cstBirthday,jdbcType=DATE,typeHandler=model.mapper.typehandler.LocalDateHandler},
      </if>
      <if test="record.cstGender != null" >
        CST_GENDER = #{record.cstGender,jdbcType=VARCHAR},
      </if>
      <if test="record.cstOneclick != null" >
        CST_ONECLICK = #{record.cstOneclick,jdbcType=DECIMAL},
      </if>
    </set>
    <if test="_parameter != null" >
      <include refid="Update_By_Example_Where_Clause" />
    </if>
  </update>
  <update id="updateByExample" parameterType="map" >
    update HR.CUSTOMER
    set CST_EMAIL = #{record.cstEmail,jdbcType=VARCHAR},
      CST_ADDRESS = #{record.cstAddress,jdbcType=VARCHAR},
      CST_ZIPCODE = #{record.cstZipcode,jdbcType=VARCHAR},
      CST_BIRTHDAY = #{record.cstBirthday,jdbcType=DATE,typeHandler=model.mapper.typehandler.LocalDateHandler},
      CST_GENDER = #{record.cstGender,jdbcType=VARCHAR},
      CST_ONECLICK = #{record.cstOneclick,jdbcType=DECIMAL}
    <if test="_parameter != null" >
      <include refid="Update_By_Example_Where_Clause" />
    </if>
  </update>
  <update id="updateByPrimaryKeySelective" parameterType="model.vo.Customer" >
    update HR.CUSTOMER
    <set >
      <if test="cstAddress != null" >
        CST_ADDRESS = #{cstAddress,jdbcType=VARCHAR},
      </if>
      <if test="cstZipcode != null" >
        CST_ZIPCODE = #{cstZipcode,jdbcType=VARCHAR},
      </if>
      <if test="cstBirthday != null" >
        CST_BIRTHDAY = #{cstBirthday,jdbcType=DATE,typeHandler=model.mapper.typehandler.LocalDateHandler},
      </if>
      <if test="cstGender != null" >
        CST_GENDER = #{cstGender,jdbcType=VARCHAR},
      </if>
      <if test="cstOneclick != null" >
        CST_ONECLICK = #{cstOneclick,jdbcType=DECIMAL},
      </if>
    </set>
    where CST_EMAIL = #{cstEmail,jdbcType=VARCHAR}
  </update>
  <update id="updateByPrimaryKey" parameterType="model.vo.Customer" >
    update HR.CUSTOMER
    set CST_ADDRESS = #{cstAddress,jdbcType=VARCHAR},
      CST_ZIPCODE = #{cstZipcode,jdbcType=VARCHAR},
      CST_BIRTHDAY = #{cstBirthday,jdbcType=DATE,typeHandler=model.mapper.typehandler.LocalDateHandler},
      CST_GENDER = #{cstGender,jdbcType=VARCHAR},
      CST_ONECLICK = #{cstOneclick,jdbcType=DECIMAL}
    where CST_EMAIL = #{cstEmail,jdbcType=VARCHAR}
  </update>
  <cache />
  <select resultMap="CustomerResultMap" parameterType="model.vo.CustomerExample" id="selectByExampleWithRowbounds" >
    select
    <if test="distinct" >
      distinct
    </if>
    <include refid="Base_Column_List" />
    from HR.CUSTOMER
    <if test="_parameter != null" >
      <include refid="Example_Where_Clause" />
    </if>
    <if test="orderByClause != null" >
      order by ${orderByClause}
    </if>
  </select>
</mapper>