<?xml version="1.0" encoding="UTF-8"?>
<!DOCTYPE configuration PUBLIC "-//mybatis.org//DTD Config 3.0//EN" "http://mybatis.org/dtd/mybatis-3-config.dtd">
<configuration>
	<properties resource="db.properties" />

	<typeAliases>
		<typeAlias type="model.vo.Component" alias="Component" />
		<typeAlias type="model.vo.ComponentExample" alias="ComponentExample" />
		<typeAlias type="model.vo.Coupon" alias="Coupon" />
		<typeAlias type="model.vo.CouponExample" alias="CouponExample" />
		<typeAlias type="model.vo.Customer" alias="Customer"/>
		<typeAlias type="model.vo.CustomerExample" alias="CustomerExample"/>
		<typeAlias type="model.vo.WorkingDays" alias="WorkingDays"/>
		<typeAlias type="model.vo.WorkingDaysExample" alias="WorkingDaysExample"/>
		<typeAlias type="model.vo.Enterprise" alias="Enterprise" />
		<typeAlias type="model.vo.EnterpriseExample" alias="EnterpriseExample" />
		<typeAlias type="model.vo.Holiday" alias="Holiday" />
		<typeAlias type="model.vo.HolidayExample" alias="HolidayExample" />
		<typeAlias type="model.vo.Member" alias="Member" />
		<typeAlias type="model.vo.MemberExample" alias="MemberExample" />
		<typeAlias type="model.vo.Notification" alias="Notification" />
		<typeAlias type="model.vo.NotificationExample" alias="NotificationExample" />
		<typeAlias type="model.vo.OneclickPayment" alias="OneclickPayment" />
		<typeAlias type="model.vo.OneclickPaymentExample" alias="OneclickPaymentExample" />
		<typeAlias type="model.vo.PaymentRecord" alias="PaymentRecord" />
		<typeAlias type="model.vo.PaymentRecordExample" alias="PaymentRecordExample" />
		<typeAlias type="model.vo.PhotoLocation" alias="PhotoLocation" />
		<typeAlias type="model.vo.PhotoLocationExample" alias="PhotoLocationExample" />
		<typeAlias type="model.vo.Reservation" alias="Reservation" />
		<typeAlias type="model.vo.ReservationExample" alias="ReservationExample" />
		<typeAlias type="model.vo.Review" alias="Review" />
		<typeAlias type="model.vo.ReviewExample" alias="ReviewExample" />
		<typeAlias type="model.vo.SaleRecord" alias="SaleRecord" />
		<typeAlias type="model.vo.SaleRecordExample" alias="SaleRecordExample" />
		<typeAlias type="model.vo.Service" alias="Service" />
		<typeAlias type="model.vo.ServiceExample" alias="ServiceExample" />
		<typeAlias type="model.vo.Unregistered" alias="Unregistered" />
		<typeAlias type="model.vo.UnregisteredExample" alias="UnregisteredExample" />
		<typeAlias type="model.vo.UnregisteredReservation" alias="UnregisteredReservation" />
		<typeAlias type="model.vo.UnregisteredReservationExample" alias="UnregisteredReservationExample" />
		<typeAlias type="model.vo.Zipcode" alias="Zipcode"/>
		<typeAlias type="test.vo.Highchart1" alias="Highchart1"/>
		<typeAlias type="test.vo.Highchart2" alias="Highchart2"/>
		<typeAlias type="test.vo.Highchart3" alias="Highchart3"/>
		<typeAlias type="test.vo.Highchart4" alias="Highchart4"/>
		<typeAlias type="test.vo.Highchart5" alias="Highchart5"/>
		<typeAlias type="test.vo.Highchart6" alias="Highchart6"/>
		<typeAlias type="test.vo.Highchart7" alias="Highchart7"/>
		<typeAlias type="test.vo.Highchart8" alias="Highchart8"/>
		<typeAlias type="test.vo.Highchart9" alias="Highchart9"/>
		<typeAlias type="test.vo.Highchart10" alias="Highchart10"/>
		<typeAlias type="test.vo.Highchart11" alias="Highchart11"/>
		<typeAlias type="test.vo.Highchart12" alias="Highchart12"/>
		<typeAlias type="test.vo.Highchart13" alias="Highchart13"/>
		<typeAlias type="test.vo.Highchart9Cost" alias="Highchart9Cost"/>
		<typeAlias type="test.vo.Highchart10Cost" alias="Highchart10Cost"/>
		<typeAlias type="test.vo.Highchart11Cost" alias="Highchart11Cost"/>
		<typeAlias type="test.vo.AutoHighchartCost1" alias="AutoHighchartCost1"/>
		<typeAlias type="test.vo.AutoHighchartCost2" alias="AutoHighchartCost2"/>
		<typeAlias type="test.vo.AutoHighchartCost3" alias="AutoHighchartCost3"/>
	</typeAliases>
	
	<typeHandlers>
		<typeHandler handler="model.mapper.typehandler.InstantHandler"/>
		<typeHandler handler="model.mapper.typehandler.LocalDateHandler"/>
		<typeHandler handler="model.mapper.typehandler.LocalDateTimeHandler"/>
		<typeHandler handler="model.mapper.typehandler.LocalTimeHandler"/>
		<typeHandler handler="model.mapper.typehandler.OffsetDateTimeHandler"/>
		<typeHandler handler="model.mapper.typehandler.ZonedDateTimeHandler"/>
	</typeHandlers>

	<environments default="development">
		<environment id="development">
			<transactionManager type="JDBC" />
			<dataSource type="POOLED">
				<property name="driver" value="${driver}" />
				<property name="url" value="${url}" />
				<property name="username" value="${username}" />
				<property name="password" value="${password}" />
			</dataSource>
		</environment>
	</environments>

	<mappers>
		<mapper resource="model/mapper/CustomerMapper.xml" />
		<mapper resource="model/mapper/EnterpriseMapper.xml" />
		<mapper resource="model/mapper/MemberMapper.xml" />
		<mapper resource="model/mapper/ReservationMapper.xml"/>
		<mapper resource="model/mapper/ServiceMapper.xml"/>
		<mapper resource="model/mapper/UnregisteredMapper.xml"/>
		<mapper resource="test/mapper/Highchart1Mapper.xml"/>
		<mapper resource="test/mapper/Highchart2Mapper.xml"/>
		<mapper resource="test/mapper/Highchart3Mapper.xml"/>
		<mapper resource="test/mapper/Highchart4Mapper.xml"/>
		<mapper resource="test/mapper/Highchart5Mapper.xml"/>
		<mapper resource="test/mapper/Highchart6Mapper.xml"/>
		<mapper resource="test/mapper/Highchart7Mapper.xml"/>
		<mapper resource="test/mapper/Highchart8Mapper.xml"/>
		<mapper resource="test/mapper/Highchart9Mapper.xml"/>
		<mapper resource="test/mapper/Highchart10Mapper.xml"/>
		<mapper resource="test/mapper/Highchart11Mapper.xml"/>
		<mapper resource="test/mapper/Highchart12Mapper.xml"/>
		<mapper resource="test/mapper/Highchart13Mapper.xml"/>
		<mapper resource="test/mapper/Highchart9CostMapper.xml"/>
		<mapper resource="test/mapper/Highchart10CostMapper.xml"/>
		<mapper resource="test/mapper/Highchart11CostMapper.xml"/>
	</mappers>
	
</configuration>
